topic,word,weight
1,social,5647
1,new,4720
1,cultural,4624
1,culture,4430
1,technology,3543
1,society,3319
1,world,2551
1,public,2241
1,political,2150
1,life,1866
1,human,1655
1,future,1615
1,economic,1487
1,information,1465
1,development,1256
1,community,1238
1,power,1203
1,technological,1096
1,change,1084
1,war,1034
1,system,1029
1,support,1026
1,values,1017
1,government,991
1,individual,988
1,countries,981
1,industry,977
1,national,972
1,need,945
1,industrial,898
1,state,882
1,states,878
1,american,872
1,mass,859
1,means,824
1,policy,802
1,societies,799
1,cultures,792
1,intellectual,766
1,century,758
1,resources,743
1,rights,733
1,institutions,728
1,high,725
1,past,725
1,education,718
1,production,704
1,market,704
1,available,702
1,individuals,676
2,france,3011
2,paris,1522
2,england,1219
2,pergamon,1015
2,art,887
2,press,785
2,copyright,777
2,malina,677
2,new,673
2,international,536
2,italy,534
2,rue,527
2,fed,525
2,canada,517
2,rep,515
2,hill,509
2,ger,504
2,japan,499
2,street,482
2,oxford,459
2,york,444
2,london,441
2,article,396
2,journal,380
2,sculpture,379
2,australia,372
2,back,372
2,int,369
2,cambridge,361
2,india,340
2,avenue,337
2,contemporary,322
2,visual,319
2,editorial,311
2,park,305
2,oct,305
2,artists,299
2,artist,298
2,hall,280
2,technology,269
2,headington,261
2,tokyo,259
2,boulogne,258
2,mexico,256
2,obw,256
2,poland,252
2,permission,248
2,publisher,247
2,sep,241
2,nov,240
3,new,5450
3,space,4499
3,virtual,3759
3,world,3744
3,technology,3739
3,media,2630
3,body,2401
3,human,2384
3,interactive,2304
3,experience,2127
3,reality,1919
3,physical,1897
3,interaction,1836
3,environment,1738
3,real,1606
3,technologies,1535
3,technological,1185
3,place,1161
3,system,1160
3,interface,1133
3,user,1046
3,create,936
3,press,934
3,movement,919
3,audience,903
3,narrative,901
3,university,893
3,systems,885
3,screen,872
3,spaces,870
3,viewer,853
3,communication,847
3,york,843
3,control,839
3,game,836
3,based,811
3,environments,796
3,relationship,783
3,future,764
3,machine,707
3,participant,692
3,form,679
3,play,678
3,move,643
3,cyberspace,632
3,process,630
3,forms,623
3,social,623
3,worlds,615
3,vision,611
4,time,8702
4,first,5787
4,people,5028
4,way,4791
4,years,3755
4,made,3652
4,life,3606
4,make,3584
4,another,3303
4,world,3058
4,still,2710
4,great,2627
4,just,2562
4,become,2500
4,often,2379
4,things,2137
4,fact,2040
4,important,2005
4,others,1996
4,point,1988
4,think,1956
4,called,1956
4,find,1948
4,something,1939
4,know,1938
4,too,1927
4,few,1903
4,sense,1896
4,end,1863
4,idea,1819
4,place,1795
4,perhaps,1771
4,long,1753
4,always,1742
4,today,1705
4,never,1699
4,little,1694
4,kind,1691
4,take,1680
4,later,1635
4,good,1633
4,back,1620
4,look,1606
4,possible,1598
4,once,1583
4,say,1564
4,mind,1550
4,set,1546
4,said,1531
4,real,1515
5,computer,15535
5,system,3579
5,computers,3237
5,graphics,3210
5,used,3003
5,program,2931
5,images,2906
5,using,2655
5,image,2599
5,software,2592
5,systems,2502
5,use,2496
5,data,2410
5,visual,2176
5,digital,2107
5,machine,1735
5,design,1692
5,animation,1659
5,information,1502
5,user,1445
5,process,1238
5,programs,1089
5,control,1074
5,display,1024
5,interactive,1015
5,create,1013
5,computing,992
5,programming,951
5,techniques,930
5,technology,924
5,developed,884
5,created,884
5,machines,879
5,produce,859
5,research,852
5,graphic,851
5,output,832
5,model,825
5,generated,794
5,video,764
5,input,750
5,visualization,749
5,processing,747
5,intelligence,739
5,available,731
5,produced,724
5,tool,715
5,human,707
5,screen,707
5,methods,706
6,art,30032
6,aesthetic,5011
6,artists,4579
6,work,4383
6,artist,3724
6,aesthetics,3720
6,works,2731
6,artistic,2385
6,arts,1826
6,painting,1629
6,history,1626
6,experience,1282
6,theory,1254
6,form,1218
6,contemporary,1156
6,way,1144
6,different,1084
6,made,1080
6,example,1068
6,value,1056
6,philosophy,1049
6,artworks,985
6,objects,978
6,first,974
6,view,952
6,modern,897
6,often,894
6,two,854
6,cannot,848
6,sense,847
6,make,837
6,criticism,836
6,important,807
6,question,803
6,expression,777
6,object,776
6,great,769
6,point,768
6,part,760
6,another,730
6,press,710
6,paintings,705
6,use,705
6,historical,686
6,meaning,679
6,good,673
6,say,668
6,said,653
6,kind,650
6,terms,644
7,body,2634
7,dance,2084
7,human,1971
7,movement,1468
7,man,1239
7,women,996
7,performance,928
7,motion,785
7,woman,774
7,image,762
7,viewer,715
7,female,709
7,fire,670
7,head,670
7,play,652
7,hand,595
7,theater,587
7,dancers,578
7,death,576
7,face,554
7,figure,523
7,movements,508
7,dancer,480
7,stage,478
7,power,440
7,bodies,435
7,memory,427
7,figures,420
7,images,417
7,film,404
7,skin,398
7,character,372
7,action,365
7,animal,364
7,position,347
7,hands,343
7,characters,337
7,black,329
7,child,324
7,animals,316
7,sexual,316
7,appears,304
7,wall,303
7,presence,297
7,moving,288
7,gesture,287
7,dream,281
7,choreography,280
7,medical,273
7,cave,271
8,two,3551
8,number,2235
8,patterns,2124
8,pattern,1903
8,three,1624
8,lines,1562
8,line,1429
8,first,1384
8,shape,1375
8,different,1293
8,symmetry,1268
8,figure,1255
8,shown,1238
8,four,1103
8,used,1087
8,point,1026
8,right,1010
8,points,992
8,structure,989
8,left,970
8,example,964
8,shapes,924
8,numbers,919
8,square,907
8,elements,860
8,circle,855
8,set,846
8,given,839
8,golden,802
8,order,802
8,possible,792
8,made,789
8,table,779
8,shows,769
8,series,764
8,group,744
8,rules,699
8,second,683
8,form,675
8,another,668
8,ratio,642
8,rule,630
8,simple,603
8,based,598
8,section,592
8,basic,586
8,paper,575
8,case,573
8,graph,572
8,type,544
9,work,2680
9,media,2595
9,research,2383
9,www,2069
9,com,1919
9,data,1889
9,digital,1748
9,university,1322
9,art,1292
9,project,1284
9,practice,1085
9,http,1075
9,network,992
9,org,980
9,context,892
9,knowledge,869
9,based,849
9,works,735
9,artistic,722
9,collaboration,712
9,projects,711
9,article,683
9,public,657
9,references,635
9,science,625
9,used,605
9,artwork,596
9,networks,583
9,web,575
9,field,570
9,net,542
9,paper,527
9,open,507
9,complex,505
9,cal,502
9,map,499
9,visualization,496
9,ways,494
9,approach,487
9,html,484
9,social,482
9,history,477
9,practices,474
9,working,462
9,using,462
9,contemporary,461
9,arts,460
9,uk,458
9,photo,457
9,london,455
10,form,5050
10,time,4519
10,process,4506
10,visual,3939
10,order,3228
10,different,3202
10,example,2809
10,forms,2794
10,language,2793
10,way,2660
10,space,2599
10,objects,2556
10,structure,2528
10,elements,2405
10,experience,2316
10,object,2313
10,theory,2272
10,nature,2199
10,sense,2176
10,information,2144
10,meaning,2127
10,system,2010
10,possible,1958
10,use,1956
10,part,1942
10,world,1893
10,means,1891
10,another,1835
10,particular,1828
10,point,1820
10,processes,1802
10,concept,1791
10,terms,1789
10,idea,1787
10,material,1755
10,abstract,1743
10,certain,1632
10,representation,1579
10,creative,1551
10,level,1532
10,development,1518
10,perception,1447
10,present,1441
10,model,1381
10,press,1338
10,reality,1336
10,structures,1335
10,view,1329
10,ideas,1322
10,approach,1318
11,music,12248
11,sound,6386
11,musical,5253
11,sounds,2251
11,composition,1826
11,new,1740
11,composer,1491
11,performance,1349
11,instruments,1232
11,notes,1010
11,instrument,987
11,notation,936
11,composers,888
11,electronic,879
11,score,866
11,work,864
11,pitch,855
11,piece,722
11,movement,691
11,note,682
11,based,652
11,xenakis,622
11,compositions,619
11,musicians,618
11,acoustic,593
11,tape,567
11,audio,553
11,listening,548
11,synthesis,534
11,two,529
11,sonic,528
11,used,518
11,frequency,515
11,tone,514
11,works,503
11,live,487
11,compositional,485
11,piano,474
11,played,473
11,recording,455
11,tones,444
11,rhythm,439
11,play,422
11,wave,419
11,source,411
11,scale,404
11,rhythmic,404
11,pieces,402
11,voice,395
11,several,381
12,science,13209
12,scientific,6215
12,new,4287
12,human,3667
12,nature,3584
12,world,3237
12,scientists,2739
12,physics,2692
12,man,2050
12,knowledge,1884
12,theory,1829
12,two,1622
12,sciences,1596
12,universe,1556
12,york,1549
12,reality,1498
12,natural,1438
12,physical,1371
12,press,1340
12,matter,1338
12,scientist,1190
12,modern,1163
12,energy,1151
12,view,1117
12,mind,1080
12,quantum,1079
12,philosophy,1046
12,phenomena,979
12,ideas,967
12,concepts,964
12,understanding,940
12,mathematics,919
12,thought,901
12,century,884
12,discovery,860
12,truth,852
12,laws,849
12,order,822
12,einstein,764
12,time,715
12,fundamental,708
12,cannot,701
12,theories,677
12,mathematical,656
12,chemistry,653
12,thinking,640
12,cambridge,635
12,based,635
12,beauty,635
12,cultures,624
13,art,1910
13,russian,1810
13,moscow,1210
13,soviet,792
13,russia,748
13,synesthesia,697
13,light,667
13,kandinsky,594
13,kazan,558
13,music,544
13,artistic,539
13,lissitzky,496
13,malevich,492
13,scriabin,474
13,galeyev,461
13,rodchenko,407
13,work,402
13,new,394
13,synesthetic,391
13,experiments,367
13,published,362
13,painting,334
13,creative,333
13,arts,327
13,works,327
13,form,316
13,prometheus,307
13,union,298
13,ussr,295
13,group,290
13,during,264
13,scientific,264
13,constructivism,262
13,century,255
13,gabo,255
13,ideas,251
13,development,248
13,first,241
13,culture,239
13,modern,234
13,musical,228
13,artist,226
13,goncharova,225
13,tatlin,224
13,institute,221
13,sokolov,217
13,technology,213
13,petersburg,213
13,construction,210
13,part,208
14,painting,6921
14,art,5582
14,work,4325
14,paintings,3884
14,drawing,3506
14,artist,3159
14,drawings,2328
14,artists,2101
14,cm,1922
14,canvas,1729
14,works,1727
14,paint,1598
14,made,1538
14,new,1513
14,picture,1296
14,paper,1253
14,two,1219
14,form,1211
14,shapes,1179
14,oil,1172
14,series,1133
14,lines,1103
14,forms,1081
14,paris,1067
14,painter,1065
14,composition,1032
14,pictures,974
14,painted,971
14,used,932
14,time,906
14,artistic,852
14,surface,846
14,use,840
14,left,836
14,black,835
14,page,793
14,first,785
14,figure,781
14,different,743
14,life,739
14,make,729
14,found,721
14,abstract,716
14,top,713
14,making,711
14,example,706
14,right,702
14,shape,699
14,line,698
14,color,676
15,art,11639
15,arts,5639
15,artists,4525
15,international,3060
15,university,2845
15,new,2755
15,museum,2393
15,information,2192
15,science,1881
15,technology,1829
15,exhibition,1809
15,center,1657
15,national,1636
15,gallery,1428
15,work,1399
15,institute,1344
15,research,1322
15,york,1280
15,conference,1217
15,artist,1208
15,program,1056
15,society,1049
15,visual,998
15,college,939
15,london,934
15,works,924
15,street,900
15,association,867
15,director,866
15,san,862
15,centre,857
15,exhibitions,854
15,held,853
15,education,853
15,design,840
15,council,791
15,year,782
15,group,752
15,school,749
15,published,746
15,canada,745
15,american,737
15,available,710
15,paris,709
15,department,674
15,foundation,657
15,public,655
15,museums,653
15,including,648
15,history,643
16,light,5240
16,holography,3486
16,image,2736
16,images,2328
16,hologram,2074
16,holographic,1990
16,holograms,1728
16,laser,1605
16,used,1316
16,kinetic,1132
16,film,1048
16,made,1040
16,motion,1003
16,optical,909
16,medium,898
16,object,890
16,two,883
16,new,862
16,beam,840
16,use,820
16,plate,804
16,using,800
16,produced,786
16,first,761
16,reflection,725
16,visual,708
16,time,684
16,system,681
16,different,670
16,screen,667
16,photographic,620
16,color,596
16,photography,573
16,display,568
16,space,558
16,glass,549
16,produce,506
16,transmission,496
16,recording,491
16,three,474
16,technique,474
16,projection,469
16,source,437
16,surface,435
16,electric,425
16,techniques,421
16,technical,415
16,white,406
16,wave,387
16,camera,383
17,art,3269
17,education,3196
17,new,3120
17,creative,2946
17,students,2922
17,technology,2266
17,process,2195
17,research,2184
17,creativity,2176
17,work,1804
17,design,1443
17,teaching,1301
17,artists,1287
17,development,1262
17,experience,1251
17,artist,1139
17,school,1099
17,learning,1036
17,arts,1020
17,artistic,989
17,knowledge,970
17,ideas,955
17,science,941
17,university,932
17,student,916
17,visual,901
17,different,849
17,children,835
17,time,828
17,program,826
17,engineering,802
17,schools,789
17,educational,757
17,use,742
17,course,740
17,study,739
17,teachers,733
17,need,721
17,project,720
17,problems,718
17,form,715
17,approach,707
17,group,701
17,methods,692
17,individual,666
17,problem,656
17,future,650
17,during,645
17,environment,634
17,change,631
18,art,2038
18,qu,1467
18,etre,1306
18,plus,1273
18,artistes,1208
18,aux,1103
18,articles,955
18,auteur,857
18,artists,845
18,revue,819
18,journal,771
18,arts,771
18,article,751
18,published,734
18,manuscripts,726
18,cette,721
18,notes,687
18,manuscrits,666
18,entre,643
18,texte,642
18,texts,628
18,artiste,614
18,soit,591
18,meme,582
18,peuvent,552
18,ete,534
18,work,524
18,oeuvre,522
18,doivent,492
18,publication,474
18,illustrations,470
18,peinture,467
18,autres,464
18,ont,453
18,science,453
18,techniques,446
18,technologie,445
18,france,443
18,architecture,427
18,dont,424
18,plastiques,419
18,page,415
18,faire,407
18,ainsi,396
18,forme,391
18,references,386
18,oeuvres,381
18,accepted,379
18,figure,377
18,redaction,371
19,mathematics,2057
19,mathematical,1678
19,geometry,1620
19,symmetry,1398
19,fractal,1226
19,escher,1179
19,space,1076
19,surface,1065
19,new,980
19,dimension,706
19,regular,601
19,form,559
19,surfaces,559
19,plane,546
19,chaos,499
19,fractals,496
19,forms,470
19,model,454
19,mathematicians,449
19,complex,435
19,geometric,394
19,polyhedra,385
19,fourth,384
19,faces,382
19,dimensions,379
19,vertices,370
19,structures,368
19,models,362
19,geometrical,362
19,mandelbrot,360
19,tiling,332
19,science,331
19,emmer,323
19,york,314
19,coxeter,314
19,edges,312
19,loeb,299
19,patterns,283
19,soap,281
19,mathematician,278
19,topology,277
19,beauty,272
19,called,263
19,properties,262
19,article,256
19,impossible,246
19,crystal,245
19,henderson,242
19,equations,238
19,pickover,233
20,perception,3739
20,visual,2984
20,pictures,2182
20,picture,2068
20,gibson,1428
20,perceptual,1309
20,information,1228
20,psychology,1215
20,arnheim,1149
20,pictorial,1031
20,objects,891
20,world,872
20,perspective,854
20,object,835
20,gombrich,718
20,gestalt,684
20,system,652
20,new,647
20,experience,613
20,illusion,542
20,vision,534
20,eye,530
20,hypothesis,507
20,different,497
20,real,456
20,illusions,453
20,example,443
20,goodman,441
20,article,431
20,representation,425
20,psychologists,423
20,light,422
20,optics,420
20,ames,413
20,human,401
20,systems,396
20,seeing,378
20,depicted,352
20,press,349
20,theory,341
20,depiction,339
20,psychological,338
20,environment,337
20,cannot,328
20,believe,316
20,invariants,315
20,optical,313
20,university,310
20,viewers,305
20,two,304
21,art,20112
21,new,7488
21,artists,6865
21,work,5814
21,artist,4022
21,works,3506
21,york,3173
21,painting,2928
21,history,2333
21,modern,1903
21,paintings,1747
21,museum,1712
21,artistic,1705
21,early,1681
21,exhibition,1650
21,century,1626
21,american,1529
21,visual,1362
21,time,1344
21,arts,1343
21,years,1328
21,contemporary,1326
21,life,1273
21,period,1229
21,style,1150
21,world,1133
21,movement,1093
21,photography,1056
21,historical,1020
21,form,1004
21,duchamp,992
21,abstract,963
21,published,948
21,press,945
21,sculpture,897
21,painters,861
21,during,858
21,aesthetic,857
21,paris,801
21,collection,801
21,painter,791
21,still,787
21,fine,786
21,public,782
21,catalogue,777
21,group,771
21,french,752
21,picasso,731
21,often,729
21,gallery,703
22,water,1772
22,project,1309
22,city,971
22,time,868
22,site,861
22,nature,828
22,natural,821
22,earth,760
22,change,692
22,landscape,689
22,people,647
22,public,642
22,environmental,632
22,environment,577
22,climate,571
22,weather,522
22,land,513
22,place,491
22,tree,487
22,trees,484
22,san,446
22,local,442
22,wind,441
22,urban,428
22,world,420
22,area,400
22,nuclear,378
22,river,374
22,sites,361
22,sky,357
22,rock,346
22,forest,344
22,francisco,329
22,south,327
22,three,322
22,north,322
22,park,315
22,cloud,313
22,energy,299
22,installation,295
22,california,290
22,future,289
22,part,287
22,york,284
22,desert,272
22,community,267
22,island,264
22,ecological,263
22,field,262
22,global,257
23,illus,6449
23,press,4757
23,isbn,4433
23,art,4311
23,new,3938
23,paper,3455
23,york,2844
23,trade,2162
23,london,2121
23,cambridge,1478
23,books,1249
23,university,1233
23,arts,901
23,science,871
23,oxford,810
23,artists,807
23,eds,757
23,reviews,666
23,history,559
23,world,493
23,paris,486
23,cloth,482
23,american,443
23,chicago,432
23,international,403
23,received,391
23,technology,385
23,published,376
23,publications,373
23,visual,354
23,culture,347
23,journal,336
23,design,334
23,museum,332
23,artist,327
23,modern,324
23,music,321
23,berkeley,318
23,literature,312
23,england,310
23,california,310
23,architecture,301
23,society,293
23,painting,287
23,research,283
23,contemporary,280
23,theory,274
23,box,273
23,princeton,272
23,current,263
24,book,14733
24,reviewed,4154
24,illus,4010
24,books,3918
24,art,3879
24,author,3591
24,first,2568
24,text,2473
24,london,2303
24,chapter,2224
24,artists,2205
24,work,2164
24,use,2142
24,illustrations,2044
24,new,2027
24,two,1998
24,information,1983
24,subject,1879
24,paper,1824
24,example,1765
24,university,1650
24,techniques,1634
24,made,1623
24,find,1578
24,introduction,1511
24,general,1498
24,part,1474
24,photographs,1449
24,used,1430
24,reader,1425
24,important,1406
24,useful,1372
24,way,1353
24,given,1347
24,good,1322
24,readers,1314
24,drawings,1309
24,interest,1276
24,material,1275
24,section,1275
24,england,1265
24,chapters,1253
24,written,1243
24,make,1227
24,few,1201
24,illustrated,1198
24,development,1170
24,present,1165
24,found,1164
24,different,1162
25,brain,2416
25,visual,2149
25,perception,1728
25,human,1351
25,psychology,1265
25,information,1248
25,two,971
25,eye,931
25,different,821
25,study,755
25,used,736
25,left,730
25,right,716
25,new,700
25,images,694
25,cognitive,684
25,subjects,668
25,face,663
25,research,661
25,psychological,658
25,memory,637
25,aesthetic,605
25,consciousness,600
25,results,600
25,model,598
25,studies,579
25,image,579
25,processes,576
25,vision,572
25,mental,563
25,perceptual,559
25,york,553
25,during,532
25,experience,531
25,experimental,522
25,system,493
25,processing,488
25,features,482
25,using,481
25,children,475
25,movements,472
25,analysis,470
25,patterns,468
25,subject,465
25,response,451
25,similar,433
25,behavior,428
25,data,426
25,specific,422
25,responses,421
26,film,2702
26,reviewed,2426
26,reviews,1371
26,cinema,889
26,films,732
26,images,622
26,edited,610
26,ballast,462
26,behrens,434
26,century,415
26,com,407
26,review,393
26,mosher,377
26,net,376
26,stefaan,375
26,trade,373
26,digital,358
26,history,333
26,media,327
26,pepperell,314
26,isbn,281
26,ryssen,279
26,consciousness,272
26,deleuze,266
26,permission,257
26,reprinted,253
26,web,253
26,american,251
26,photography,238
26,quarterly,237
26,photographs,234
26,punt,230
26,war,226
26,center,225
26,netins,222
26,exhibition,218
26,design,211
26,department,203
26,narrative,200
26,festival,199
26,harle,197
26,early,196
26,documentary,194
26,gent,186
26,editor,180
26,ascott,177
26,lone,176
26,cubitt,176
26,global,175
26,site,174
27,life,3084
27,artificial,2049
27,evolution,1733
27,systems,1599
27,genetic,1340
27,biological,1136
27,system,1065
27,evolutionary,1020
27,living,1006
27,biology,934
27,natural,875
27,human,854
27,complex,825
27,species,771
27,cells,748
27,plants,738
27,dna,731
27,cell,727
27,creatures,721
27,nature,715
27,different,680
27,new,650
27,behavior,643
27,complexity,631
27,robot,614
27,forms,606
27,organisms,593
27,plant,575
27,molecular,563
27,models,541
27,structure,536
27,protein,536
27,animals,517
27,form,479
27,model,447
27,intelligence,438
27,example,422
27,emergence,422
27,growth,420
27,environment,416
27,press,415
27,structures,412
27,organism,402
27,research,400
27,selection,396
27,gene,384
27,using,383
27,create,379
27,science,379
27,robots,378
28,book,2132
28,art,2117
28,article,1418
28,work,1384
28,letters,1258
28,artists,1143
28,artist,1082
28,review,818
28,comments,781
28,use,702
28,first,669
28,point,660
28,time,648
28,make,639
28,university,631
28,letter,612
28,england,568
28,fact,554
28,read,553
28,painting,551
28,right,545
28,new,539
28,works,536
28,find,532
28,made,532
28,way,519
28,readers,510
28,great,483
28,london,467
28,perhaps,454
28,think,442
28,seems,442
28,years,431
28,believe,428
28,too,426
28,two,420
28,written,419
28,important,402
28,cannot,387
28,arts,376
28,note,372
28,say,371
28,interest,367
28,good,362
28,people,350
28,published,348
28,still,346
28,general,336
28,course,331
28,few,329
29,space,4163
29,earth,1844
29,moon,1321
29,sun,1123
29,sky,968
29,solar,738
29,light,559
29,universe,527
29,planet,527
29,project,500
29,stars,497
29,astronomy,440
29,cosmic,437
29,astrology,413
29,star,399
29,planets,391
29,mars,390
29,flight,382
29,nasa,346
29,lunar,339
29,extraterrestrial,318
29,exploration,313
29,energy,308
29,life,300
29,astronomical,276
29,planetary,259
29,satellite,254
29,modern,243
29,cosmos,241
29,scientific,238
29,celestial,228
29,galaxy,226
29,future,225
29,day,224
29,during,222
29,human,221
29,orbit,219
29,air,212
29,piene,211
29,outer,209
29,environment,207
29,radio,203
29,global,201
29,flying,201
29,sunlight,197
29,astronomers,197
29,system,196
29,imagination,194
29,fiction,193
29,using,187
30,perspective,3895
30,image,2305
30,space,2115
30,point,2080
30,lines,1317
30,line,1301
30,two,1189
30,visual,1189
30,plane,1188
30,projection,1022
30,points,991
30,surface,986
30,images,971
30,eye,970
30,object,957
30,picture,914
30,distance,900
30,view,826
30,viewer,815
30,observer,795
30,objects,722
30,painting,717
30,vision,710
30,viewing,681
30,spatial,674
30,camera,668
30,used,658
30,mirror,643
30,seen,607
30,position,576
30,right,574
30,sphere,558
30,depth,523
30,scene,499
30,angle,490
30,vanishing,490
30,optical,485
30,first,474
30,eyes,472
30,viewed,471
30,field,464
30,size,455
30,parallel,451
30,appear,438
30,figure,432
30,left,432
30,three,428
30,drawing,427
30,horizon,417
30,center,413
31,book,11851
31,work,3931
31,reviewed,2950
31,university,2905
31,history,2705
31,author,2689
31,first,2607
31,books,2207
31,two,2132
31,essays,2130
31,arts,2010
31,theory,1994
31,example,1929
31,research,1903
31,way,1892
31,press,1832
31,reader,1801
31,part,1765
31,illus,1759
31,chapter,1757
31,isbn,1733
31,readers,1685
31,historical,1650
31,study,1623
31,approach,1570
31,literature,1520
31,studies,1487
31,ideas,1481
31,authors,1420
31,text,1406
31,use,1380
31,important,1365
31,read,1306
31,often,1304
31,reading,1302
31,essay,1301
31,subject,1298
31,contemporary,1297
31,general,1293
31,science,1253
31,find,1243
31,section,1237
31,three,1231
31,written,1226
31,discussion,1224
31,make,1218
31,philosophy,1213
31,paper,1195
31,view,1192
31,analysis,1190
32,paper,1586
32,image,1216
32,print,1157
32,printing,889
32,prints,887
32,used,863
32,process,847
32,plate,828
32,images,688
32,chinese,680
32,use,541
32,ink,537
32,using,495
32,surface,441
32,sheet,417
32,new,398
32,photographic,376
32,press,359
32,copier,358
32,etching,347
32,toner,342
32,light,328
32,color,326
32,original,324
32,copy,320
32,printed,314
32,time,291
32,china,287
32,lithography,285
32,first,284
32,plates,270
32,method,270
32,black,259
32,technique,259
32,made,256
32,negative,256
32,generative,255
32,white,242
32,photo,240
32,create,237
32,machine,237
32,page,236
32,film,227
32,printmaking,227
32,drawing,223
32,xerox,222
32,wood,211
32,plastic,210
32,systems,208
32,patent,203
33,art,5447
33,isast,2660
33,http,2593
33,arts,2379
33,new,2220
33,electronic,2078
33,www,2069
33,technology,1993
33,journal,1977
33,artists,1879
33,web,1879
33,com,1823
33,music,1759
33,malina,1615
33,mitpress,1561
33,science,1554
33,editorial,1469
33,media,1459
33,org,1449
33,university,1258
33,editor,1199
33,information,1185
33,research,1172
33,site,1170
33,international,1147
33,special,1123
33,html,1101
33,include,1088
33,press,1078
33,work,1055
33,info,1039
33,board,1000
33,issues,998
33,published,992
33,san,961
33,contact,960
33,digital,958
33,lmj,927
33,issue,907
33,sciences,893
33,net,877
33,cambridge,874
33,book,841
33,project,839
33,francisco,839
33,design,821
33,articles,814
33,street,802
33,lea,791
33,volume,748
34,materials,1120
34,used,1103
34,paint,730
34,water,700
34,pigments,681
34,artists,677
34,use,658
34,surface,645
34,glass,629
34,chemical,620
34,liquid,614
34,term,581
34,new,559
34,dictionary,513
34,material,497
34,oil,493
34,resin,486
34,paints,455
34,acrylic,409
34,flow,406
34,york,402
34,health,397
34,temperature,392
34,metal,389
34,terms,373
34,plastics,366
34,form,363
34,art,356
34,process,356
34,solution,337
34,hazards,337
34,properties,335
34,copper,322
34,safety,321
34,wax,311
34,terminology,307
34,artist,305
34,pigment,300
34,technology,283
34,found,282
34,during,280
34,air,277
34,lead,276
34,polymer,275
34,applied,262
34,effects,259
34,crystals,256
34,acid,252
34,example,251
34,exposure,235
35,sculpture,5460
35,work,2724
35,light,2516
35,sculptures,1847
35,made,1739
35,two,1482
35,art,1415
35,piece,1383
35,form,1226
35,steel,1192
35,glass,1141
35,used,1072
35,kinetic,1057
35,use,1023
35,forms,979
35,cm,973
35,objects,937
35,wood,911
35,large,900
35,pieces,895
35,works,890
35,metal,860
35,surface,857
35,ft,827
35,series,813
35,photo,793
35,artist,761
35,construction,747
35,first,745
35,object,742
35,materials,717
35,motion,680
35,three,671
35,material,666
35,installation,646
35,sculptor,645
35,different,632
35,small,631
35,elements,626
35,top,608
35,sculptural,603
35,plastic,580
35,part,568
35,air,535
35,make,525
35,left,524
35,parts,522
35,structure,513
35,making,509
35,design,509
36,art,5500
36,journal,3154
36,technology,2812
36,arts,2590
36,new,2283
36,artists,2236
36,science,2147
36,isast,1902
36,articles,1820
36,information,1817
36,electronic,1811
36,issue,1781
36,international,1665
36,include,1582
36,music,1551
36,authors,1459
36,editorial,1432
36,computer,1392
36,published,1339
36,issues,1281
36,publication,1183
36,special,1162
36,university,1096
36,work,1034
36,society,989
36,texts,982
36,sciences,973
36,editor,962
36,available,941
36,subscription,880
36,contact,858
36,media,822
36,press,813
36,visual,780
36,words,775
36,contemporary,771
36,manuscripts,764
36,office,761
36,malina,750
36,number,726
36,text,707
36,research,704
36,illustrations,691
36,notes,677
36,board,669
36,forum,667
36,manuscript,655
36,order,637
36,use,633
36,book,627
37,color,10098
37,colors,3180
37,colour,2486
37,light,1956
37,blue,1675
37,red,1482
37,green,1079
37,white,1011
37,yellow,940
37,black,765
37,colours,752
37,hue,621
37,system,519
37,colored,456
37,effect,403
37,contrast,402
37,different,367
37,hues,346
37,eye,345
37,dark,344
37,vision,338
37,perception,331
37,theory,331
37,orange,323
37,albers,322
37,scale,312
37,samples,301
37,mixture,300
37,spectrum,297
37,optical,287
37,illumination,286
37,three,282
37,saturation,281
37,pigments,279
37,gray,275
37,visual,268
37,primary,266
37,brightness,259
37,goethe,256
37,background,249
37,munsell,239
37,wavelength,236
37,intensity,233
37,complementary,233
37,violet,227
37,birren,226
37,equal,222
37,mixing,213
37,coloured,211
37,tones,202
38,century,1269
38,history,1123
38,renaissance,1052
38,ancient,1008
38,early,805
38,religious,660
38,indian,628
38,greek,609
38,symbols,547
38,period,544
38,vinci,526
38,symbolism,490
38,london,483
38,god,464
38,cross,434
38,church,426
38,christian,425
38,symbolic,423
38,medieval,414
38,known,401
38,western,375
38,italian,370
38,modern,363
38,sacred,359
38,culture,358
38,centuries,353
38,christ,349
38,religion,345
38,historical,332
38,book,319
38,italy,317
38,roman,317
38,middle,298
38,islamic,298
38,japanese,297
38,chinese,295
38,florence,290
38,tradition,280
38,symbol,277
38,late,268
38,ages,266
38,classical,264
38,india,258
38,university,258
38,oxford,255
38,studies,252
38,michelangelo,245
38,egyptian,244
38,famous,238
38,became,236
39,design,6395
39,architecture,3870
39,architectural,2133
39,building,1525
39,architects,1192
39,buildings,1072
39,architect,902
39,designs,892
39,designers,817
39,urban,789
39,modern,719
39,city,685
39,designer,631
39,house,627
39,forms,607
39,designed,604
39,wright,598
39,environment,577
39,industrial,557
39,built,490
39,form,479
39,space,476
39,corbusier,419
39,structures,373
39,construction,370
39,planning,369
39,cities,362
39,press,329
39,camouflage,324
39,materials,315
39,furniture,315
39,models,313
39,designing,310
39,walls,305
39,american,299
39,style,295
39,products,295
39,traditional,274
39,projects,264
39,cambridge,257
39,aesthetic,255
39,functional,254
39,physical,248
39,drawing,242
39,plan,238
39,natural,232
39,scale,223
39,houses,217
39,spaces,215
39,interior,210
40,video,5808
40,art,5698
40,work,4294
40,digital,3195
40,electronic,3004
40,images,2971
40,artists,2784
40,new,2650
40,information,2618
40,media,2443
40,web,2063
40,image,2021
40,artist,2000
40,works,1929
40,installation,1857
40,use,1830
40,two,1816
40,project,1717
40,computer,1613
40,text,1500
40,different,1391
40,performance,1362
40,used,1361
40,network,1356
40,interactive,1340
40,television,1295
40,gallery,1242
40,created,1210
40,york,1200
40,site,1169
40,using,1125
40,part,1109
40,live,1105
40,participants,1101
40,arts,1044
40,piece,966
40,series,899
40,http,882
40,camera,877
40,www,873
40,medium,872
40,words,868
40,museum,824
40,three,819
40,public,812
40,exhibition,809
40,multimedia,754
40,personal,753
40,center,744
40,sound,734
